recolector_id,nombre,apellido,documento,nacionalidad
T001,Cloe,Pérez,26274149,Colombia
T002,Amada,Bernal,33194319,Colombia
T003,Viviana,Chaparro,57872594,Colombia
T004,Gonzalo,Pont,84261130,Colombia
T005,Amada,Chamorro,24874807,Colombia
T006,Maite,Isern,82320237,Brasil
T007,Ruperto,Otero,38468678,Colombia
T008,Ariel,Dominguez,25378628,Ecuador
T009,Quique,Landa,54280901,Colombia
T010,Rogelio,Maestre,73188702,Colombia
T011,Ángeles,Molina,17796367,Colombia
T012,Pía,Silva,10775879,Colombia
T013,José,Anglada,62788532,Ecuador
T014,Jose Antonio,Granados,74484009,Colombia
T015,Óscar,Alberto,79725925,Colombia
T016,Regina,Sosa,59927043,Colombia
T017,Curro,Enríquez,92664223,Venezuela
T018,Jacobo,Escamilla,76154454,Colombia
T019,Inmaculada,Echeverría,98136337,Brasil
T020,Judith,Solera,82812462,Colombia
T021,Miguel,Bernat,50298483,Colombia
T022,Aníbal,Porta,78154159,Ecuador
T023,Saturnino,Román,27089982,Venezuela
T024,Urbano,Calderón,23269490,Perú
T025,Charo,Duran,12288604,Colombia
T026,Hermenegildo,Portillo,17686462,Colombia
T027,Fernanda,Moll,83340358,Brazil
T028,Ciriaco,Diego,46726297,Brasil
T029,Hugo,Gordillo,92363462,Colombia
T030,Maristela,Romero,25471071,Colombia
T031,Luciana,Plana,37432545,Colombia
T032,Francisco,Gelabert,42442292,Colombia
T033,Claudia,Hernández,36792841,Colombia
T034,África,Núńez,21691958,Colombia
T035,María José,Quintana,13523139,Colombia
T036,Espiridión,Bou,20349980,Venezuela
T037,Inocencio,Ros,14412154,Perú
T038,Jose Carlos,Reguera,49143625,Colombia
T039,Amarilis,Llanos,44991275,Columbia
T040,Valerio,Aliaga,22471777,Colombia
T041,Roldán,Hidalgo,44175992,Colombia
T042,Paula,Frutos,92479123,Colombia
T043,Severo,Dávila,56579399,Colombia
T044,Almudena,Jove,52331882,Colombia
T045,Gabriel,Córdoba,96608292,Venezuela
T046,Emiliano,Barros,29316125,Colombia
T047,Arcelia,Villanueva,49882612,Venezuela
T048,Valentín,Carreras,79485570,Colombia
T049,Chucho,Martorell,44720275,Colombia
T050,Jovita,Calderon,87283734,Colombia
T051,Gastón,Galiano,47382868,Colombia
T052,Custodio,Gonzalo,76668273,Colombia
T053,Roldán,Camacho,26968380,Colombia
T054,José Ángel,Belda,80409062,Colombia
T055,Lalo,Morán,73269124,Colombia
T056,Ariel,Sanabria,56187720,Colombia
T057,Cecilia,Valcárcel,59929267,Colombia
T058,Yaiza,Jurado,74169714,Colombia
T059,Alejo,Gimeno,74159936,Colombia
T060,Luciano,Meléndez,88729455,Ecuador
T061,David,Talavera,78149817,Colombia
T062,Marciano,Pombo,32217636,Colombia
T063,Lara,Paz,83242780,Colombia
T064,Gema,Alberto,80961241,Colombia
T065,Leocadia,Lobo,27454745,Colombia
T066,Ibán,Millán,19278851,Colombia
T067,Lisandro,Varela,75575506,Brasil
T068,Ximena,Cepeda,36069019,Venezuela
T069,María,Peinado,14498988,Ecuador
T070,Faustino,Nebot,85209645,Colombia
T071,Íńigo,Arteaga,68856454,Colombia
T072,Samanta,Franch,41688044,Colombia
T073,Salomé,Sierra,97485212,Colombia
T074,Donato,Díaz,38146053,Colombia
T075,Paz,Barceló,82967965,Venezuela
T076,Macaria,Segarra,81328461,Colombia
T077,Olivia,Bueno,79461116,Perú
T078,Anna,Martín,47869855,Colombia
T079,César,Domínguez,93968093,Venezuela
T080,Luís,Robledo,42479081,Colombia
T081,Nazario,Godoy,57085583,Colombia
T082,Heliodoro,Pellicer,66531960,Colombia
T083,Seve,Calvo,75463966,Colombia
T084,Guadalupe,Oliva,83959912,Colombia
T085,Chus,Asenjo,55866329,Perú
T086,Che,Chacón,90446465,Venezuela
T087,Rosalina,Montero,50558822,Colombia
T088,Jacinta,Feliu,31525485,Colombia
T089,Perla,Ochoa,31721174,Colombia
T090,Josué,Barbero,96873328,Venezuela
T091,Azahar,Guillen,24034827,Colombia
T092,Alcides,Isern,23118153,Colombia
T093,Agustina,Amor,98156507,Colombia
T094,Melchor,Uribe,27817307,Colombia
T095,Teobaldo,Sanmiguel,82908767,Colombia
T096,Amarilis,Padilla,28929425,Colombia
T097,Josefa,Gallego,20290276,Ecuador
T098,Emperatriz,Lopez,20255915,Colombia
T099,Ramón,Ruiz,77689050,Equator
T100,Eliseo,Tovar,36594001,Colombia
